page	cell	citizensId	npc	skin	portrait_asset	identity_or_skin
01	01	1	낚시꾼할아버지	cm_old_angler	/Users/user/Library/Application Support/feather/player-server/servers/07de2d81-991a-47e2-b62d-06c0d1b5150a/plugins/Skript/scripts/ops/prod/betterhud/assets/dialogue/npc_001_base.png	/Users/user/Library/Application Support/feather/player-server/servers/07de2d81-991a-47e2-b62d-06c0d1b5150a/plugins/Skript/scripts/npc-profiles/imagegen-batch/identity/cm_old_angler.png
01	02	2	동굴탐험가	cm_caver	/Users/user/Library/Application Support/feather/player-server/servers/07de2d81-991a-47e2-b62d-06c0d1b5150a/plugins/Skript/scripts/ops/prod/betterhud/assets/dialogue/npc_002_base.png	/Users/user/Library/Application Support/feather/player-server/servers/07de2d81-991a-47e2-b62d-06c0d1b5150a/plugins/Skript/scripts/npc-profiles/imagegen-batch/identity/cm_caver.png
01	03	4	페리선장	cm_ferry_captain	/Users/user/Library/Application Support/feather/player-server/servers/07de2d81-991a-47e2-b62d-06c0d1b5150a/plugins/Skript/scripts/ops/prod/betterhud/assets/dialogue/npc_004_base.png	/Users/user/Library/Application Support/feather/player-server/servers/07de2d81-991a-47e2-b62d-06c0d1b5150a/plugins/Skript/scripts/npc-profiles/imagegen-batch/identity/cm_ferry_captain.png
01	04	6	한스	tf_helga	/Users/user/Library/Application Support/feather/player-server/servers/07de2d81-991a-47e2-b62d-06c0d1b5150a/plugins/Skript/scripts/ops/prod/betterhud/assets/dialogue/npc_006_base.png	/Users/user/Library/Application Support/feather/player-server/servers/07de2d81-991a-47e2-b62d-06c0d1b5150a/plugins/Skript/scripts/npc-profiles/imagegen-batch/identity/tf_helga.png
01	05	7	클라우스	tf_klaus	/Users/user/Library/Application Support/feather/player-server/servers/07de2d81-991a-47e2-b62d-06c0d1b5150a/plugins/Skript/scripts/ops/prod/betterhud/assets/dialogue/npc_007_base.png	/Users/user/Library/Application Support/feather/player-server/servers/07de2d81-991a-47e2-b62d-06c0d1b5150a/plugins/Skript/scripts/npc-profiles/imagegen-batch/identity/tf_klaus.png
01	06	8	브루노	tf_bruno	/Users/user/Library/Application Support/feather/player-server/servers/07de2d81-991a-47e2-b62d-06c0d1b5150a/plugins/Skript/scripts/ops/prod/betterhud/assets/dialogue/npc_008_base.png	/Users/user/Library/Application Support/feather/player-server/servers/07de2d81-991a-47e2-b62d-06c0d1b5150a/plugins/Skript/scripts/npc-profiles/imagegen-batch/identity/tf_bruno.png
01	07	9	군터	tf_gunter	/Users/user/Library/Application Support/feather/player-server/servers/07de2d81-991a-47e2-b62d-06c0d1b5150a/plugins/Skript/scripts/ops/prod/betterhud/assets/dialogue/npc_009_base.png	/Users/user/Library/Application Support/feather/player-server/servers/07de2d81-991a-47e2-b62d-06c0d1b5150a/plugins/Skript/scripts/npc-profiles/imagegen-batch/identity/tf_gunter.png
01	08	10	파리드	df_farid	/Users/user/Library/Application Support/feather/player-server/servers/07de2d81-991a-47e2-b62d-06c0d1b5150a/plugins/Skript/scripts/ops/prod/betterhud/assets/dialogue/npc_010_base.png	/Users/user/Library/Application Support/feather/player-server/servers/07de2d81-991a-47e2-b62d-06c0d1b5150a/plugins/Skript/scripts/npc-profiles/imagegen-batch/identity/df_farid.png
01	09	12	하산	df_hasan	/Users/user/Library/Application Support/feather/player-server/servers/07de2d81-991a-47e2-b62d-06c0d1b5150a/plugins/Skript/scripts/ops/prod/betterhud/assets/dialogue/npc_012_base.png	/Users/user/Library/Application Support/feather/player-server/servers/07de2d81-991a-47e2-b62d-06c0d1b5150a/plugins/Skript/scripts/npc-profiles/imagegen-batch/identity/df_hasan.png
01	10	13	그레타	tf_greta	/Users/user/Library/Application Support/feather/player-server/servers/07de2d81-991a-47e2-b62d-06c0d1b5150a/plugins/Skript/scripts/ops/prod/betterhud/assets/dialogue/npc_013_base.png	/Users/user/Library/Application Support/feather/player-server/servers/07de2d81-991a-47e2-b62d-06c0d1b5150a/plugins/Skript/scripts/npc-profiles/imagegen-batch/identity/tf_greta.png
01	11	14	오토	otto	/Users/user/Library/Application Support/feather/player-server/servers/07de2d81-991a-47e2-b62d-06c0d1b5150a/plugins/Skript/scripts/ops/prod/betterhud/assets/dialogue/npc_014_base.png	/Users/user/Library/Application Support/feather/player-server/servers/07de2d81-991a-47e2-b62d-06c0d1b5150a/plugins/Skript/scripts/npc-profiles/imagegen-batch/identity/otto.png
01	12	15	카심	df_kasim	/Users/user/Library/Application Support/feather/player-server/servers/07de2d81-991a-47e2-b62d-06c0d1b5150a/plugins/Skript/scripts/ops/prod/betterhud/assets/dialogue/npc_015_base.png	/Users/user/Library/Application Support/feather/player-server/servers/07de2d81-991a-47e2-b62d-06c0d1b5150a/plugins/Skript/scripts/npc-profiles/imagegen-batch/identity/df_kasim.png
01	13	16	자말	df_jamal	/Users/user/Library/Application Support/feather/player-server/servers/07de2d81-991a-47e2-b62d-06c0d1b5150a/plugins/Skript/scripts/ops/prod/betterhud/assets/dialogue/npc_016_base.png	/Users/user/Library/Application Support/feather/player-server/servers/07de2d81-991a-47e2-b62d-06c0d1b5150a/plugins/Skript/scripts/npc-profiles/imagegen-batch/identity/df_jamal.png
01	14	17	콘라트	tf_ingrid	/Users/user/Library/Application Support/feather/player-server/servers/07de2d81-991a-47e2-b62d-06c0d1b5150a/plugins/Skript/scripts/ops/prod/betterhud/assets/dialogue/npc_017_base.png	/Users/user/Library/Application Support/feather/player-server/servers/07de2d81-991a-47e2-b62d-06c0d1b5150a/plugins/Skript/scripts/npc-profiles/imagegen-batch/identity/tf_ingrid.png
01	15	18	마켓	tf_raimund	/Users/user/Library/Application Support/feather/player-server/servers/07de2d81-991a-47e2-b62d-06c0d1b5150a/plugins/Skript/scripts/ops/prod/betterhud/assets/dialogue/npc_018_base.png	/Users/user/Library/Application Support/feather/player-server/servers/07de2d81-991a-47e2-b62d-06c0d1b5150a/plugins/Skript/scripts/npc-profiles/imagegen-batch/identity/tf_raimund.png
01	16	19	퀘스트	tf_dietrich	/Users/user/Library/Application Support/feather/player-server/servers/07de2d81-991a-47e2-b62d-06c0d1b5150a/plugins/Skript/scripts/ops/prod/betterhud/assets/dialogue/npc_019_base.png	/Users/user/Library/Application Support/feather/player-server/servers/07de2d81-991a-47e2-b62d-06c0d1b5150a/plugins/Skript/scripts/npc-profiles/imagegen-batch/identity/tf_dietrich.png
01	17	20	유수프	yusuf	/Users/user/Library/Application Support/feather/player-server/servers/07de2d81-991a-47e2-b62d-06c0d1b5150a/plugins/Skript/scripts/ops/prod/betterhud/assets/dialogue/npc_020_base.png	/Users/user/Library/Application Support/feather/player-server/servers/07de2d81-991a-47e2-b62d-06c0d1b5150a/plugins/Skript/scripts/npc-profiles/imagegen-batch/identity/yusuf.png
01	18	21	프란츠	tf_franz	/Users/user/Library/Application Support/feather/player-server/servers/07de2d81-991a-47e2-b62d-06c0d1b5150a/plugins/Skript/scripts/ops/prod/betterhud/assets/dialogue/npc_021_base.png	/Users/user/Library/Application Support/feather/player-server/servers/07de2d81-991a-47e2-b62d-06c0d1b5150a/plugins/Skript/scripts/npc-profiles/imagegen-batch/identity/tf_franz.png
01	19	22	파올로	tt_paolo	/Users/user/Library/Application Support/feather/player-server/servers/07de2d81-991a-47e2-b62d-06c0d1b5150a/plugins/Skript/scripts/ops/prod/betterhud/assets/dialogue/npc_022_base.png	/Users/user/Library/Application Support/feather/player-server/servers/07de2d81-991a-47e2-b62d-06c0d1b5150a/plugins/Skript/scripts/npc-profiles/imagegen-batch/identity/tt_paolo.png
01	20	23	루카	tt_luca	/Users/user/Library/Application Support/feather/player-server/servers/07de2d81-991a-47e2-b62d-06c0d1b5150a/plugins/Skript/scripts/ops/prod/betterhud/assets/dialogue/npc_023_base.png	/Users/user/Library/Application Support/feather/player-server/servers/07de2d81-991a-47e2-b62d-06c0d1b5150a/plugins/Skript/scripts/npc-profiles/imagegen-batch/identity/tt_luca.png
02	01	24	로렌초	tt_lorenzo	/Users/user/Library/Application Support/feather/player-server/servers/07de2d81-991a-47e2-b62d-06c0d1b5150a/plugins/Skript/scripts/ops/prod/betterhud/assets/dialogue/npc_024_base.png	/Users/user/Library/Application Support/feather/player-server/servers/07de2d81-991a-47e2-b62d-06c0d1b5150a/plugins/Skript/scripts/npc-profiles/imagegen-batch/identity/tt_lorenzo.png
02	02	25	비토	tt_vito	/Users/user/Library/Application Support/feather/player-server/servers/07de2d81-991a-47e2-b62d-06c0d1b5150a/plugins/Skript/scripts/ops/prod/betterhud/assets/dialogue/npc_025_base.png	/Users/user/Library/Application Support/feather/player-server/servers/07de2d81-991a-47e2-b62d-06c0d1b5150a/plugins/Skript/scripts/npc-profiles/imagegen-batch/identity/tt_vito.png
02	03	26	브록	tt_brock	/Users/user/Library/Application Support/feather/player-server/servers/07de2d81-991a-47e2-b62d-06c0d1b5150a/plugins/Skript/scripts/ops/prod/betterhud/assets/dialogue/npc_026_base.png	/Users/user/Library/Application Support/feather/player-server/servers/07de2d81-991a-47e2-b62d-06c0d1b5150a/plugins/Skript/scripts/npc-profiles/imagegen-batch/identity/tt_brock.png
02	04	27	엔초	tt_enzo	/Users/user/Library/Application Support/feather/player-server/servers/07de2d81-991a-47e2-b62d-06c0d1b5150a/plugins/Skript/scripts/ops/prod/betterhud/assets/dialogue/npc_027_base.png	/Users/user/Library/Application Support/feather/player-server/servers/07de2d81-991a-47e2-b62d-06c0d1b5150a/plugins/Skript/scripts/npc-profiles/imagegen-batch/identity/tt_enzo.png
02	05	28	대장간안내	tf_felix	/Users/user/Library/Application Support/feather/player-server/servers/07de2d81-991a-47e2-b62d-06c0d1b5150a/plugins/Skript/scripts/ops/prod/betterhud/assets/dialogue/npc_028_base.png	/Users/user/Library/Application Support/feather/player-server/servers/07de2d81-991a-47e2-b62d-06c0d1b5150a/plugins/Skript/scripts/npc-profiles/imagegen-batch/identity/tf_felix.png
02	06	29	시장안내	tf_marta	/Users/user/Library/Application Support/feather/player-server/servers/07de2d81-991a-47e2-b62d-06c0d1b5150a/plugins/Skript/scripts/ops/prod/betterhud/assets/dialogue/npc_029_base.png	/Users/user/Library/Application Support/feather/player-server/servers/07de2d81-991a-47e2-b62d-06c0d1b5150a/plugins/Skript/scripts/npc-profiles/imagegen-batch/identity/tf_marta.png
02	07	30	요리안내	tf_bettina	/Users/user/Library/Application Support/feather/player-server/servers/07de2d81-991a-47e2-b62d-06c0d1b5150a/plugins/Skript/scripts/ops/prod/betterhud/assets/dialogue/npc_030_base.png	/Users/user/Library/Application Support/feather/player-server/servers/07de2d81-991a-47e2-b62d-06c0d1b5150a/plugins/Skript/scripts/npc-profiles/imagegen-batch/identity/tf_bettina.png
02	08	31	룰렛딜러	d_roulette1	/Users/user/Library/Application Support/feather/player-server/servers/07de2d81-991a-47e2-b62d-06c0d1b5150a/plugins/Skript/scripts/ops/prod/betterhud/assets/dialogue/npc_031_base.png	/Users/user/Library/Application Support/feather/player-server/servers/07de2d81-991a-47e2-b62d-06c0d1b5150a/plugins/Skript/scripts/npc-profiles/imagegen-batch/identity/d_roulette1.png
02	09	32	홀덤딜러	d_holdem1	/Users/user/Library/Application Support/feather/player-server/servers/07de2d81-991a-47e2-b62d-06c0d1b5150a/plugins/Skript/scripts/ops/prod/betterhud/assets/dialogue/npc_032_base.png	/Users/user/Library/Application Support/feather/player-server/servers/07de2d81-991a-47e2-b62d-06c0d1b5150a/plugins/Skript/scripts/npc-profiles/imagegen-batch/identity/d_holdem1.png
02	10	33	섯다딜러	d_seotda1	/Users/user/Library/Application Support/feather/player-server/servers/07de2d81-991a-47e2-b62d-06c0d1b5150a/plugins/Skript/scripts/ops/prod/betterhud/assets/dialogue/npc_033_base.png	/Users/user/Library/Application Support/feather/player-server/servers/07de2d81-991a-47e2-b62d-06c0d1b5150a/plugins/Skript/scripts/npc-profiles/imagegen-batch/identity/d_seotda1.png
02	11	34	블랙잭딜러	d_blackjack1	/Users/user/Library/Application Support/feather/player-server/servers/07de2d81-991a-47e2-b62d-06c0d1b5150a/plugins/Skript/scripts/ops/prod/betterhud/assets/dialogue/npc_034_base.png	/Users/user/Library/Application Support/feather/player-server/servers/07de2d81-991a-47e2-b62d-06c0d1b5150a/plugins/Skript/scripts/npc-profiles/imagegen-batch/identity/d_blackjack1.png
02	12	35	쓰리카드딜러	d_threecard1	/Users/user/Library/Application Support/feather/player-server/servers/07de2d81-991a-47e2-b62d-06c0d1b5150a/plugins/Skript/scripts/ops/prod/betterhud/assets/dialogue/npc_035_base.png	/Users/user/Library/Application Support/feather/player-server/servers/07de2d81-991a-47e2-b62d-06c0d1b5150a/plugins/Skript/scripts/npc-profiles/imagegen-batch/identity/d_threecard1.png
02	13	36	슬롯도우미	d_slot1	/Users/user/Library/Application Support/feather/player-server/servers/07de2d81-991a-47e2-b62d-06c0d1b5150a/plugins/Skript/scripts/ops/prod/betterhud/assets/dialogue/npc_036_base.png	/Users/user/Library/Application Support/feather/player-server/servers/07de2d81-991a-47e2-b62d-06c0d1b5150a/plugins/Skript/scripts/npc-profiles/imagegen-batch/identity/d_slot1.png
02	14	37	슬롯안내원	d_slot2	/Users/user/Library/Application Support/feather/player-server/servers/07de2d81-991a-47e2-b62d-06c0d1b5150a/plugins/Skript/scripts/ops/prod/betterhud/assets/dialogue/npc_037_base.png	/Users/user/Library/Application Support/feather/player-server/servers/07de2d81-991a-47e2-b62d-06c0d1b5150a/plugins/Skript/scripts/npc-profiles/imagegen-batch/identity/d_slot2.png
02	15	38	블랙잭딜러2	d_blackjack2	/Users/user/Library/Application Support/feather/player-server/servers/07de2d81-991a-47e2-b62d-06c0d1b5150a/plugins/Skript/scripts/ops/prod/betterhud/assets/dialogue/npc_038_base.png	/Users/user/Library/Application Support/feather/player-server/servers/07de2d81-991a-47e2-b62d-06c0d1b5150a/plugins/Skript/scripts/npc-profiles/imagegen-batch/identity/d_blackjack2.png
02	16	39	블랙잭딜러3	d_blackjack3	/Users/user/Library/Application Support/feather/player-server/servers/07de2d81-991a-47e2-b62d-06c0d1b5150a/plugins/Skript/scripts/ops/prod/betterhud/assets/dialogue/npc_039_base.png	/Users/user/Library/Application Support/feather/player-server/servers/07de2d81-991a-47e2-b62d-06c0d1b5150a/plugins/Skript/scripts/npc-profiles/imagegen-batch/identity/d_blackjack3.png
02	17	40	쓰리카드딜러2	d_threecard2	/Users/user/Library/Application Support/feather/player-server/servers/07de2d81-991a-47e2-b62d-06c0d1b5150a/plugins/Skript/scripts/ops/prod/betterhud/assets/dialogue/npc_040_base.png	/Users/user/Library/Application Support/feather/player-server/servers/07de2d81-991a-47e2-b62d-06c0d1b5150a/plugins/Skript/scripts/npc-profiles/imagegen-batch/identity/d_threecard2.png
02	18	41	홀덤딜러2	d_holdem2	/Users/user/Library/Application Support/feather/player-server/servers/07de2d81-991a-47e2-b62d-06c0d1b5150a/plugins/Skript/scripts/ops/prod/betterhud/assets/dialogue/npc_041_base.png	/Users/user/Library/Application Support/feather/player-server/servers/07de2d81-991a-47e2-b62d-06c0d1b5150a/plugins/Skript/scripts/npc-profiles/imagegen-batch/identity/d_holdem2.png
02	19	42	섯다딜러2	d_seotda2	/Users/user/Library/Application Support/feather/player-server/servers/07de2d81-991a-47e2-b62d-06c0d1b5150a/plugins/Skript/scripts/ops/prod/betterhud/assets/dialogue/npc_042_base.png	/Users/user/Library/Application Support/feather/player-server/servers/07de2d81-991a-47e2-b62d-06c0d1b5150a/plugins/Skript/scripts/npc-profiles/imagegen-batch/identity/d_seotda2.png
02	20	43	마부	tf_oskar	/Users/user/Library/Application Support/feather/player-server/servers/07de2d81-991a-47e2-b62d-06c0d1b5150a/plugins/Skript/scripts/ops/prod/betterhud/assets/dialogue/npc_043_base.png	/Users/user/Library/Application Support/feather/player-server/servers/07de2d81-991a-47e2-b62d-06c0d1b5150a/plugins/Skript/scripts/npc-profiles/imagegen-batch/identity/tf_oskar.png
03	01	44	국왕	king	/Users/user/Library/Application Support/feather/player-server/servers/07de2d81-991a-47e2-b62d-06c0d1b5150a/plugins/Skript/scripts/ops/prod/betterhud/assets/dialogue/npc_044_base.png	/Users/user/Library/Application Support/feather/player-server/servers/07de2d81-991a-47e2-b62d-06c0d1b5150a/plugins/Skript/scripts/npc-profiles/imagegen-batch/identity/king.png
03	02	45	대사서	archivist	/Users/user/Library/Application Support/feather/player-server/servers/07de2d81-991a-47e2-b62d-06c0d1b5150a/plugins/Skript/scripts/ops/prod/betterhud/assets/dialogue/npc_045_base.png	/Users/user/Library/Application Support/feather/player-server/servers/07de2d81-991a-47e2-b62d-06c0d1b5150a/plugins/Skript/scripts/npc-profiles/imagegen-batch/identity/archivist.png
03	03	46	필경사	lib_scribe	/Users/user/Library/Application Support/feather/player-server/servers/07de2d81-991a-47e2-b62d-06c0d1b5150a/plugins/Skript/scripts/ops/prod/betterhud/assets/dialogue/npc_046_base.png	/Users/user/Library/Application Support/feather/player-server/servers/07de2d81-991a-47e2-b62d-06c0d1b5150a/plugins/Skript/scripts/npc-profiles/imagegen-batch/identity/lib_scribe.png
03	04	47	금서고지기	lib_vaultkeeper	/Users/user/Library/Application Support/feather/player-server/servers/07de2d81-991a-47e2-b62d-06c0d1b5150a/plugins/Skript/scripts/ops/prod/betterhud/assets/dialogue/npc_047_base.png	/Users/user/Library/Application Support/feather/player-server/servers/07de2d81-991a-47e2-b62d-06c0d1b5150a/plugins/Skript/scripts/npc-profiles/imagegen-batch/identity/lib_vaultkeeper.png
03	05	48	종지기	bellringer	/Users/user/Library/Application Support/feather/player-server/servers/07de2d81-991a-47e2-b62d-06c0d1b5150a/plugins/Skript/scripts/ops/prod/betterhud/assets/dialogue/npc_048_base.png	/Users/user/Library/Application Support/feather/player-server/servers/07de2d81-991a-47e2-b62d-06c0d1b5150a/plugins/Skript/scripts/npc-profiles/imagegen-batch/identity/bellringer.png
03	06	49	은둔학자	albis	/Users/user/Library/Application Support/feather/player-server/servers/07de2d81-991a-47e2-b62d-06c0d1b5150a/plugins/Skript/scripts/ops/prod/betterhud/assets/dialogue/npc_049_base.png	/Users/user/Library/Application Support/feather/player-server/servers/07de2d81-991a-47e2-b62d-06c0d1b5150a/plugins/Skript/scripts/npc-profiles/imagegen-batch/identity/albis.png
03	07	50	차석사서	lib_subarchivist	/Users/user/Library/Application Support/feather/player-server/servers/07de2d81-991a-47e2-b62d-06c0d1b5150a/plugins/Skript/scripts/ops/prod/betterhud/assets/dialogue/npc_050_base.png	/Users/user/Library/Application Support/feather/player-server/servers/07de2d81-991a-47e2-b62d-06c0d1b5150a/plugins/Skript/scripts/npc-profiles/imagegen-batch/identity/lib_subarchivist.png
03	08	51	마테오	cm_matteo	/Users/user/Library/Application Support/feather/player-server/servers/07de2d81-991a-47e2-b62d-06c0d1b5150a/plugins/Skript/scripts/ops/prod/betterhud/assets/dialogue/npc_051_base.png	/Users/user/Library/Application Support/feather/player-server/servers/07de2d81-991a-47e2-b62d-06c0d1b5150a/plugins/Skript/scripts/npc-profiles/imagegen-batch/identity/cm_matteo.png
03	09	52	엔리코	cm_enrico	/Users/user/Library/Application Support/feather/player-server/servers/07de2d81-991a-47e2-b62d-06c0d1b5150a/plugins/Skript/scripts/ops/prod/betterhud/assets/dialogue/npc_052_base.png	/Users/user/Library/Application Support/feather/player-server/servers/07de2d81-991a-47e2-b62d-06c0d1b5150a/plugins/Skript/scripts/npc-profiles/imagegen-batch/identity/cm_enrico.png
03	10	53	피노	cm_pino	/Users/user/Library/Application Support/feather/player-server/servers/07de2d81-991a-47e2-b62d-06c0d1b5150a/plugins/Skript/scripts/ops/prod/betterhud/assets/dialogue/npc_053_base.png	/Users/user/Library/Application Support/feather/player-server/servers/07de2d81-991a-47e2-b62d-06c0d1b5150a/plugins/Skript/scripts/npc-profiles/imagegen-batch/identity/cm_pino.png
03	11	54	조반니	cm_giovanni_hold	/Users/user/Library/Application Support/feather/player-server/servers/07de2d81-991a-47e2-b62d-06c0d1b5150a/plugins/Skript/scripts/ops/prod/betterhud/assets/dialogue/npc_054_base.png	/Users/user/Library/Application Support/feather/player-server/servers/07de2d81-991a-47e2-b62d-06c0d1b5150a/plugins/Skript/scripts/npc-profiles/imagegen-batch/identity/cm_giovanni_hold.png
03	12	55	이자벨라	cm_isabella	/Users/user/Library/Application Support/feather/player-server/servers/07de2d81-991a-47e2-b62d-06c0d1b5150a/plugins/Skript/scripts/ops/prod/betterhud/assets/dialogue/npc_055_base.png	/Users/user/Library/Application Support/feather/player-server/servers/07de2d81-991a-47e2-b62d-06c0d1b5150a/plugins/Skript/scripts/npc-profiles/imagegen-batch/identity/cm_isabella.png
03	13	56	니코	cm_niko	/Users/user/Library/Application Support/feather/player-server/servers/07de2d81-991a-47e2-b62d-06c0d1b5150a/plugins/Skript/scripts/ops/prod/betterhud/assets/dialogue/npc_056_base.png	/Users/user/Library/Application Support/feather/player-server/servers/07de2d81-991a-47e2-b62d-06c0d1b5150a/plugins/Skript/scripts/npc-profiles/imagegen-batch/identity/cm_niko.png
03	14	57	왕실요리장	gregor	/Users/user/Library/Application Support/feather/player-server/servers/07de2d81-991a-47e2-b62d-06c0d1b5150a/plugins/Skript/scripts/ops/prod/betterhud/assets/dialogue/npc_057_base.png	/Users/user/Library/Application Support/feather/player-server/servers/07de2d81-991a-47e2-b62d-06c0d1b5150a/plugins/Skript/scripts/npc-profiles/imagegen-batch/identity/gregor.png
03	15	58	궁정상인	valentin	/Users/user/Library/Application Support/feather/player-server/servers/07de2d81-991a-47e2-b62d-06c0d1b5150a/plugins/Skript/scripts/ops/prod/betterhud/assets/dialogue/npc_058_base.png	/Users/user/Library/Application Support/feather/player-server/servers/07de2d81-991a-47e2-b62d-06c0d1b5150a/plugins/Skript/scripts/npc-profiles/imagegen-batch/identity/valentin.png
03	16	59	도서관견습생	nina	/Users/user/Library/Application Support/feather/player-server/servers/07de2d81-991a-47e2-b62d-06c0d1b5150a/plugins/Skript/scripts/ops/prod/betterhud/assets/dialogue/npc_059_base.png	/Users/user/Library/Application Support/feather/player-server/servers/07de2d81-991a-47e2-b62d-06c0d1b5150a/plugins/Skript/scripts/npc-profiles/imagegen-batch/identity/nina.png
03	17	60	위병1	guard_lothar	/Users/user/Library/Application Support/feather/player-server/servers/07de2d81-991a-47e2-b62d-06c0d1b5150a/plugins/Skript/scripts/ops/prod/betterhud/assets/dialogue/npc_060_base.png	/Users/user/Library/Application Support/feather/player-server/servers/07de2d81-991a-47e2-b62d-06c0d1b5150a/plugins/Skript/scripts/npc-profiles/imagegen-batch/identity/guard_lothar.png
03	18	61	위병2	guard_kurt	/Users/user/Library/Application Support/feather/player-server/servers/07de2d81-991a-47e2-b62d-06c0d1b5150a/plugins/Skript/scripts/ops/prod/betterhud/assets/dialogue/npc_061_base.png	/Users/user/Library/Application Support/feather/player-server/servers/07de2d81-991a-47e2-b62d-06c0d1b5150a/plugins/Skript/scripts/npc-profiles/imagegen-batch/identity/guard_kurt.png
03	19	62	위병3	guard_dieter	/Users/user/Library/Application Support/feather/player-server/servers/07de2d81-991a-47e2-b62d-06c0d1b5150a/plugins/Skript/scripts/ops/prod/betterhud/assets/dialogue/npc_062_base.png	/Users/user/Library/Application Support/feather/player-server/servers/07de2d81-991a-47e2-b62d-06c0d1b5150a/plugins/Skript/scripts/npc-profiles/imagegen-batch/identity/guard_dieter.png
03	20	63	위병4	guard_oswald	/Users/user/Library/Application Support/feather/player-server/servers/07de2d81-991a-47e2-b62d-06c0d1b5150a/plugins/Skript/scripts/ops/prod/betterhud/assets/dialogue/npc_063_base.png	/Users/user/Library/Application Support/feather/player-server/servers/07de2d81-991a-47e2-b62d-06c0d1b5150a/plugins/Skript/scripts/npc-profiles/imagegen-batch/identity/guard_oswald.png
04	01	64	시민1	cm_pilgrim	/Users/user/Library/Application Support/feather/player-server/servers/07de2d81-991a-47e2-b62d-06c0d1b5150a/plugins/Skript/scripts/ops/prod/betterhud/assets/dialogue/npc_064_base.png	/Users/user/Library/Application Support/feather/player-server/servers/07de2d81-991a-47e2-b62d-06c0d1b5150a/plugins/Skript/scripts/npc-profiles/imagegen-batch/identity/cm_pilgrim.png
04	02	65	시민2	cm_peddler	/Users/user/Library/Application Support/feather/player-server/servers/07de2d81-991a-47e2-b62d-06c0d1b5150a/plugins/Skript/scripts/ops/prod/betterhud/assets/dialogue/npc_065_base.png	/Users/user/Library/Application Support/feather/player-server/servers/07de2d81-991a-47e2-b62d-06c0d1b5150a/plugins/Skript/scripts/npc-profiles/imagegen-batch/identity/cm_peddler.png
04	03	66	시민3	goodwife	/Users/user/Library/Application Support/feather/player-server/servers/07de2d81-991a-47e2-b62d-06c0d1b5150a/plugins/Skript/scripts/ops/prod/betterhud/assets/dialogue/npc_066_base.png	/Users/user/Library/Application Support/feather/player-server/servers/07de2d81-991a-47e2-b62d-06c0d1b5150a/plugins/Skript/scripts/npc-profiles/imagegen-batch/identity/goodwife.png
04	04	67	시민4	lib_apprentice	/Users/user/Library/Application Support/feather/player-server/servers/07de2d81-991a-47e2-b62d-06c0d1b5150a/plugins/Skript/scripts/ops/prod/betterhud/assets/dialogue/npc_067_base.png	/Users/user/Library/Application Support/feather/player-server/servers/07de2d81-991a-47e2-b62d-06c0d1b5150a/plugins/Skript/scripts/npc-profiles/imagegen-batch/identity/lib_apprentice.png
04	05	68	시민5	villager	/Users/user/Library/Application Support/feather/player-server/servers/07de2d81-991a-47e2-b62d-06c0d1b5150a/plugins/Skript/scripts/ops/prod/betterhud/assets/dialogue/npc_068_base.png	/Users/user/Library/Application Support/feather/player-server/servers/07de2d81-991a-47e2-b62d-06c0d1b5150a/plugins/Skript/scripts/npc-profiles/imagegen-batch/identity/villager.png
04	06	69	시민6	fishwife	/Users/user/Library/Application Support/feather/player-server/servers/07de2d81-991a-47e2-b62d-06c0d1b5150a/plugins/Skript/scripts/ops/prod/betterhud/assets/dialogue/npc_069_base.png	/Users/user/Library/Application Support/feather/player-server/servers/07de2d81-991a-47e2-b62d-06c0d1b5150a/plugins/Skript/scripts/npc-profiles/imagegen-batch/identity/fishwife.png
04	07	70	하겐	hagen	/Users/user/Library/Application Support/feather/player-server/servers/07de2d81-991a-47e2-b62d-06c0d1b5150a/plugins/Skript/scripts/ops/prod/betterhud/assets/dialogue/npc_070_base.png	/Users/user/Library/Application Support/feather/player-server/servers/07de2d81-991a-47e2-b62d-06c0d1b5150a/plugins/Skript/scripts/npc-profiles/imagegen-batch/identity/hagen.png
04	08	71	세르간	tf_sergan	/Users/user/Library/Application Support/feather/player-server/servers/07de2d81-991a-47e2-b62d-06c0d1b5150a/plugins/Skript/scripts/ops/prod/betterhud/assets/dialogue/npc_071_base.png	/Users/user/Library/Application Support/feather/player-server/servers/07de2d81-991a-47e2-b62d-06c0d1b5150a/plugins/Skript/scripts/npc-profiles/imagegen-batch/identity/tf_sergan.png
04	09	72	마리	tf_marie	/Users/user/Library/Application Support/feather/player-server/servers/07de2d81-991a-47e2-b62d-06c0d1b5150a/plugins/Skript/scripts/ops/prod/betterhud/assets/dialogue/npc_072_base.png	/Users/user/Library/Application Support/feather/player-server/servers/07de2d81-991a-47e2-b62d-06c0d1b5150a/plugins/Skript/scripts/npc-profiles/imagegen-batch/identity/tf_marie.png
04	10	73	도란	tf_doran	/Users/user/Library/Application Support/feather/player-server/servers/07de2d81-991a-47e2-b62d-06c0d1b5150a/plugins/Skript/scripts/ops/prod/betterhud/assets/dialogue/npc_073_base.png	/Users/user/Library/Application Support/feather/player-server/servers/07de2d81-991a-47e2-b62d-06c0d1b5150a/plugins/Skript/scripts/npc-profiles/imagegen-batch/identity/tf_doran.png
04	11	74	노인	elder_fisher	/Users/user/Library/Application Support/feather/player-server/servers/07de2d81-991a-47e2-b62d-06c0d1b5150a/plugins/Skript/scripts/ops/prod/betterhud/assets/dialogue/npc_074_base.png	/Users/user/Library/Application Support/feather/player-server/servers/07de2d81-991a-47e2-b62d-06c0d1b5150a/plugins/Skript/scripts/npc-profiles/imagegen-batch/identity/elder_fisher.png
04	12	75	리나	tf_rina	/Users/user/Library/Application Support/feather/player-server/servers/07de2d81-991a-47e2-b62d-06c0d1b5150a/plugins/Skript/scripts/ops/prod/betterhud/assets/dialogue/npc_075_base.png	/Users/user/Library/Application Support/feather/player-server/servers/07de2d81-991a-47e2-b62d-06c0d1b5150a/plugins/Skript/scripts/npc-profiles/imagegen-batch/identity/tf_rina.png
04	13	76	나디아	df_nadia	/Users/user/Library/Application Support/feather/player-server/servers/07de2d81-991a-47e2-b62d-06c0d1b5150a/plugins/Skript/scripts/ops/prod/betterhud/assets/dialogue/npc_076_base.png	/Users/user/Library/Application Support/feather/player-server/servers/07de2d81-991a-47e2-b62d-06c0d1b5150a/plugins/Skript/scripts/npc-profiles/imagegen-batch/identity/df_nadia.png
04	14	77	노파	crone	/Users/user/Library/Application Support/feather/player-server/servers/07de2d81-991a-47e2-b62d-06c0d1b5150a/plugins/Skript/scripts/ops/prod/betterhud/assets/dialogue/npc_077_base.png	/Users/user/Library/Application Support/feather/player-server/servers/07de2d81-991a-47e2-b62d-06c0d1b5150a/plugins/Skript/scripts/npc-profiles/imagegen-batch/identity/crone.png
04	15	78	사피르	df_safir	/Users/user/Library/Application Support/feather/player-server/servers/07de2d81-991a-47e2-b62d-06c0d1b5150a/plugins/Skript/scripts/ops/prod/betterhud/assets/dialogue/npc_078_base.png	/Users/user/Library/Application Support/feather/player-server/servers/07de2d81-991a-47e2-b62d-06c0d1b5150a/plugins/Skript/scripts/npc-profiles/imagegen-batch/identity/df_safir.png
04	16	79	유세프	df_yusef	/Users/user/Library/Application Support/feather/player-server/servers/07de2d81-991a-47e2-b62d-06c0d1b5150a/plugins/Skript/scripts/ops/prod/betterhud/assets/dialogue/npc_079_base.png	/Users/user/Library/Application Support/feather/player-server/servers/07de2d81-991a-47e2-b62d-06c0d1b5150a/plugins/Skript/scripts/npc-profiles/imagegen-batch/identity/df_yusef.png
04	17	80	카림	df_karim	/Users/user/Library/Application Support/feather/player-server/servers/07de2d81-991a-47e2-b62d-06c0d1b5150a/plugins/Skript/scripts/ops/prod/betterhud/assets/dialogue/npc_080_base.png	/Users/user/Library/Application Support/feather/player-server/servers/07de2d81-991a-47e2-b62d-06c0d1b5150a/plugins/Skript/scripts/npc-profiles/imagegen-batch/identity/df_karim.png
04	18	81	할릴	df_halil	/Users/user/Library/Application Support/feather/player-server/servers/07de2d81-991a-47e2-b62d-06c0d1b5150a/plugins/Skript/scripts/ops/prod/betterhud/assets/dialogue/npc_081_base.png	/Users/user/Library/Application Support/feather/player-server/servers/07de2d81-991a-47e2-b62d-06c0d1b5150a/plugins/Skript/scripts/npc-profiles/imagegen-batch/identity/df_halil.png
04	19	82	마르코	marco	/Users/user/Library/Application Support/feather/player-server/servers/07de2d81-991a-47e2-b62d-06c0d1b5150a/plugins/Skript/scripts/ops/prod/betterhud/assets/dialogue/npc_082_base.png	/Users/user/Library/Application Support/feather/player-server/servers/07de2d81-991a-47e2-b62d-06c0d1b5150a/plugins/Skript/scripts/npc-profiles/imagegen-batch/identity/marco.png
04	20	83	레일라	tt_leila	/Users/user/Library/Application Support/feather/player-server/servers/07de2d81-991a-47e2-b62d-06c0d1b5150a/plugins/Skript/scripts/ops/prod/betterhud/assets/dialogue/npc_083_base.png	/Users/user/Library/Application Support/feather/player-server/servers/07de2d81-991a-47e2-b62d-06c0d1b5150a/plugins/Skript/scripts/npc-profiles/imagegen-batch/identity/tt_leila.png
05	01	84	안토니오	tt_antonio	/Users/user/Library/Application Support/feather/player-server/servers/07de2d81-991a-47e2-b62d-06c0d1b5150a/plugins/Skript/scripts/ops/prod/betterhud/assets/dialogue/npc_084_base.png	/Users/user/Library/Application Support/feather/player-server/servers/07de2d81-991a-47e2-b62d-06c0d1b5150a/plugins/Skript/scripts/npc-profiles/imagegen-batch/identity/tt_antonio.png
05	02	85	줄리아	tt_giulia	/Users/user/Library/Application Support/feather/player-server/servers/07de2d81-991a-47e2-b62d-06c0d1b5150a/plugins/Skript/scripts/ops/prod/betterhud/assets/dialogue/npc_085_base.png	/Users/user/Library/Application Support/feather/player-server/servers/07de2d81-991a-47e2-b62d-06c0d1b5150a/plugins/Skript/scripts/npc-profiles/imagegen-batch/identity/tt_giulia.png
05	03	86	프란체스코	tt_francesco	/Users/user/Library/Application Support/feather/player-server/servers/07de2d81-991a-47e2-b62d-06c0d1b5150a/plugins/Skript/scripts/ops/prod/betterhud/assets/dialogue/npc_086_base.png	/Users/user/Library/Application Support/feather/player-server/servers/07de2d81-991a-47e2-b62d-06c0d1b5150a/plugins/Skript/scripts/npc-profiles/imagegen-batch/identity/tt_francesco.png
05	04	87	클라우디아	tt_claudia	/Users/user/Library/Application Support/feather/player-server/servers/07de2d81-991a-47e2-b62d-06c0d1b5150a/plugins/Skript/scripts/ops/prod/betterhud/assets/dialogue/npc_087_base.png	/Users/user/Library/Application Support/feather/player-server/servers/07de2d81-991a-47e2-b62d-06c0d1b5150a/plugins/Skript/scripts/npc-profiles/imagegen-batch/identity/tt_claudia.png
05	05	88	빈센초	tt_vincenzo	/Users/user/Library/Application Support/feather/player-server/servers/07de2d81-991a-47e2-b62d-06c0d1b5150a/plugins/Skript/scripts/ops/prod/betterhud/assets/dialogue/npc_088_base.png	/Users/user/Library/Application Support/feather/player-server/servers/07de2d81-991a-47e2-b62d-06c0d1b5150a/plugins/Skript/scripts/npc-profiles/imagegen-batch/identity/tt_vincenzo.png
05	06	89	살바토레	tt_salvatore	/Users/user/Library/Application Support/feather/player-server/servers/07de2d81-991a-47e2-b62d-06c0d1b5150a/plugins/Skript/scripts/ops/prod/betterhud/assets/dialogue/npc_089_base.png	/Users/user/Library/Application Support/feather/player-server/servers/07de2d81-991a-47e2-b62d-06c0d1b5150a/plugins/Skript/scripts/npc-profiles/imagegen-batch/identity/tt_salvatore.png
05	07	90	로사	tt_rosa	/Users/user/Library/Application Support/feather/player-server/servers/07de2d81-991a-47e2-b62d-06c0d1b5150a/plugins/Skript/scripts/ops/prod/betterhud/assets/dialogue/npc_090_base.png	/Users/user/Library/Application Support/feather/player-server/servers/07de2d81-991a-47e2-b62d-06c0d1b5150a/plugins/Skript/scripts/npc-profiles/imagegen-batch/identity/tt_rosa.png
05	08	91	마시모	tt_massimo	/Users/user/Library/Application Support/feather/player-server/servers/07de2d81-991a-47e2-b62d-06c0d1b5150a/plugins/Skript/scripts/ops/prod/betterhud/assets/dialogue/npc_091_base.png	/Users/user/Library/Application Support/feather/player-server/servers/07de2d81-991a-47e2-b62d-06c0d1b5150a/plugins/Skript/scripts/npc-profiles/imagegen-batch/identity/tt_massimo.png
05	09	92	잔니	tt_gianni	/Users/user/Library/Application Support/feather/player-server/servers/07de2d81-991a-47e2-b62d-06c0d1b5150a/plugins/Skript/scripts/ops/prod/betterhud/assets/dialogue/npc_092_base.png	/Users/user/Library/Application Support/feather/player-server/servers/07de2d81-991a-47e2-b62d-06c0d1b5150a/plugins/Skript/scripts/npc-profiles/imagegen-batch/identity/tt_gianni.png
05	10	93	베아트리체	beatrice	/Users/user/Library/Application Support/feather/player-server/servers/07de2d81-991a-47e2-b62d-06c0d1b5150a/plugins/Skript/scripts/ops/prod/betterhud/assets/dialogue/npc_093_base.png	/Users/user/Library/Application Support/feather/player-server/servers/07de2d81-991a-47e2-b62d-06c0d1b5150a/plugins/Skript/scripts/npc-profiles/imagegen-batch/identity/beatrice.png
05	11	94	도메니코	tt_domenico	/Users/user/Library/Application Support/feather/player-server/servers/07de2d81-991a-47e2-b62d-06c0d1b5150a/plugins/Skript/scripts/ops/prod/betterhud/assets/dialogue/npc_094_base.png	/Users/user/Library/Application Support/feather/player-server/servers/07de2d81-991a-47e2-b62d-06c0d1b5150a/plugins/Skript/scripts/npc-profiles/imagegen-batch/identity/tt_domenico.png
05	12	95	알도	aldo	/Users/user/Library/Application Support/feather/player-server/servers/07de2d81-991a-47e2-b62d-06c0d1b5150a/plugins/Skript/scripts/ops/prod/betterhud/assets/dialogue/npc_095_base.png	/Users/user/Library/Application Support/feather/player-server/servers/07de2d81-991a-47e2-b62d-06c0d1b5150a/plugins/Skript/scripts/npc-profiles/imagegen-batch/identity/aldo.png
05	13	96	카를로	tt_carlo	/Users/user/Library/Application Support/feather/player-server/servers/07de2d81-991a-47e2-b62d-06c0d1b5150a/plugins/Skript/scripts/ops/prod/betterhud/assets/dialogue/npc_096_base.png	/Users/user/Library/Application Support/feather/player-server/servers/07de2d81-991a-47e2-b62d-06c0d1b5150a/plugins/Skript/scripts/npc-profiles/imagegen-batch/identity/tt_carlo.png
05	14	97	실비아	tt_silvia	/Users/user/Library/Application Support/feather/player-server/servers/07de2d81-991a-47e2-b62d-06c0d1b5150a/plugins/Skript/scripts/ops/prod/betterhud/assets/dialogue/npc_097_base.png	/Users/user/Library/Application Support/feather/player-server/servers/07de2d81-991a-47e2-b62d-06c0d1b5150a/plugins/Skript/scripts/npc-profiles/imagegen-batch/identity/tt_silvia.png
05	15	98	로베르토	tt_roberto	/Users/user/Library/Application Support/feather/player-server/servers/07de2d81-991a-47e2-b62d-06c0d1b5150a/plugins/Skript/scripts/ops/prod/betterhud/assets/dialogue/npc_098_base.png	/Users/user/Library/Application Support/feather/player-server/servers/07de2d81-991a-47e2-b62d-06c0d1b5150a/plugins/Skript/scripts/npc-profiles/imagegen-batch/identity/tt_roberto.png
05	16	99	파비오	tt_fabio	/Users/user/Library/Application Support/feather/player-server/servers/07de2d81-991a-47e2-b62d-06c0d1b5150a/plugins/Skript/scripts/ops/prod/betterhud/assets/dialogue/npc_099_base.png	/Users/user/Library/Application Support/feather/player-server/servers/07de2d81-991a-47e2-b62d-06c0d1b5150a/plugins/Skript/scripts/npc-profiles/imagegen-batch/identity/tt_fabio.png
05	17	100	테레사	tt_teresa	/Users/user/Library/Application Support/feather/player-server/servers/07de2d81-991a-47e2-b62d-06c0d1b5150a/plugins/Skript/scripts/ops/prod/betterhud/assets/dialogue/npc_100_base.png	/Users/user/Library/Application Support/feather/player-server/servers/07de2d81-991a-47e2-b62d-06c0d1b5150a/plugins/Skript/scripts/npc-profiles/imagegen-batch/identity/tt_teresa.png
05	18	101	지오반나	tt_giovanna	/Users/user/Library/Application Support/feather/player-server/servers/07de2d81-991a-47e2-b62d-06c0d1b5150a/plugins/Skript/scripts/ops/prod/betterhud/assets/dialogue/npc_101_base.png	/Users/user/Library/Application Support/feather/player-server/servers/07de2d81-991a-47e2-b62d-06c0d1b5150a/plugins/Skript/scripts/npc-profiles/imagegen-batch/identity/tt_giovanna.png
05	19	102	하인리히	heinrich	/Users/user/Library/Application Support/feather/player-server/servers/07de2d81-991a-47e2-b62d-06c0d1b5150a/plugins/Skript/scripts/ops/prod/betterhud/assets/dialogue/npc_102_base.png	/Users/user/Library/Application Support/feather/player-server/servers/07de2d81-991a-47e2-b62d-06c0d1b5150a/plugins/Skript/scripts/npc-profiles/imagegen-batch/identity/heinrich.png
05	20	103	그레첸	tf_gretchen	/Users/user/Library/Application Support/feather/player-server/servers/07de2d81-991a-47e2-b62d-06c0d1b5150a/plugins/Skript/scripts/ops/prod/betterhud/assets/dialogue/npc_103_base.png	/Users/user/Library/Application Support/feather/player-server/servers/07de2d81-991a-47e2-b62d-06c0d1b5150a/plugins/Skript/scripts/npc-profiles/imagegen-batch/identity/tf_gretchen.png
06	01	104	볼프강	tf_wolfgang	/Users/user/Library/Application Support/feather/player-server/servers/07de2d81-991a-47e2-b62d-06c0d1b5150a/plugins/Skript/scripts/ops/prod/betterhud/assets/dialogue/npc_104_base.png	/Users/user/Library/Application Support/feather/player-server/servers/07de2d81-991a-47e2-b62d-06c0d1b5150a/plugins/Skript/scripts/npc-profiles/imagegen-batch/identity/tf_wolfgang.png
06	02	105	잉가	tf_inga	/Users/user/Library/Application Support/feather/player-server/servers/07de2d81-991a-47e2-b62d-06c0d1b5150a/plugins/Skript/scripts/ops/prod/betterhud/assets/dialogue/npc_105_base.png	/Users/user/Library/Application Support/feather/player-server/servers/07de2d81-991a-47e2-b62d-06c0d1b5150a/plugins/Skript/scripts/npc-profiles/imagegen-batch/identity/tf_inga.png
06	03	106	디르크	tf_dirk	/Users/user/Library/Application Support/feather/player-server/servers/07de2d81-991a-47e2-b62d-06c0d1b5150a/plugins/Skript/scripts/ops/prod/betterhud/assets/dialogue/npc_106_base.png	/Users/user/Library/Application Support/feather/player-server/servers/07de2d81-991a-47e2-b62d-06c0d1b5150a/plugins/Skript/scripts/npc-profiles/imagegen-batch/identity/tf_dirk.png
06	04	107	헬무트	tf_helmut	/Users/user/Library/Application Support/feather/player-server/servers/07de2d81-991a-47e2-b62d-06c0d1b5150a/plugins/Skript/scripts/ops/prod/betterhud/assets/dialogue/npc_107_base.png	/Users/user/Library/Application Support/feather/player-server/servers/07de2d81-991a-47e2-b62d-06c0d1b5150a/plugins/Skript/scripts/npc-profiles/imagegen-batch/identity/tf_helmut.png
06	05	108	브리기테	tf_brigitte	/Users/user/Library/Application Support/feather/player-server/servers/07de2d81-991a-47e2-b62d-06c0d1b5150a/plugins/Skript/scripts/ops/prod/betterhud/assets/dialogue/npc_108_base.png	/Users/user/Library/Application Support/feather/player-server/servers/07de2d81-991a-47e2-b62d-06c0d1b5150a/plugins/Skript/scripts/npc-profiles/imagegen-batch/identity/tf_brigitte.png
06	06	109	지그프리트	tf_siegfried	/Users/user/Library/Application Support/feather/player-server/servers/07de2d81-991a-47e2-b62d-06c0d1b5150a/plugins/Skript/scripts/ops/prod/betterhud/assets/dialogue/npc_109_base.png	/Users/user/Library/Application Support/feather/player-server/servers/07de2d81-991a-47e2-b62d-06c0d1b5150a/plugins/Skript/scripts/npc-profiles/imagegen-batch/identity/tf_siegfried.png
06	07	110	아스트리드	tf_astrid	/Users/user/Library/Application Support/feather/player-server/servers/07de2d81-991a-47e2-b62d-06c0d1b5150a/plugins/Skript/scripts/ops/prod/betterhud/assets/dialogue/npc_110_base.png	/Users/user/Library/Application Support/feather/player-server/servers/07de2d81-991a-47e2-b62d-06c0d1b5150a/plugins/Skript/scripts/npc-profiles/imagegen-batch/identity/tf_astrid.png
06	08	111	라시드4	df_rashid	/Users/user/Library/Application Support/feather/player-server/servers/07de2d81-991a-47e2-b62d-06c0d1b5150a/plugins/Skript/scripts/ops/prod/betterhud/assets/dialogue/npc_111_base.png	/Users/user/Library/Application Support/feather/player-server/servers/07de2d81-991a-47e2-b62d-06c0d1b5150a/plugins/Skript/scripts/npc-profiles/imagegen-batch/identity/df_rashid.png
06	09	112	아미라	df_amira	/Users/user/Library/Application Support/feather/player-server/servers/07de2d81-991a-47e2-b62d-06c0d1b5150a/plugins/Skript/scripts/ops/prod/betterhud/assets/dialogue/npc_112_base.png	/Users/user/Library/Application Support/feather/player-server/servers/07de2d81-991a-47e2-b62d-06c0d1b5150a/plugins/Skript/scripts/npc-profiles/imagegen-batch/identity/df_amira.png
06	10	113	유누스	df_yunus	/Users/user/Library/Application Support/feather/player-server/servers/07de2d81-991a-47e2-b62d-06c0d1b5150a/plugins/Skript/scripts/ops/prod/betterhud/assets/dialogue/npc_113_base.png	/Users/user/Library/Application Support/feather/player-server/servers/07de2d81-991a-47e2-b62d-06c0d1b5150a/plugins/Skript/scripts/npc-profiles/imagegen-batch/identity/df_yunus.png
06	11	114	파티마	df_fatima	/Users/user/Library/Application Support/feather/player-server/servers/07de2d81-991a-47e2-b62d-06c0d1b5150a/plugins/Skript/scripts/ops/prod/betterhud/assets/dialogue/npc_114_base.png	/Users/user/Library/Application Support/feather/player-server/servers/07de2d81-991a-47e2-b62d-06c0d1b5150a/plugins/Skript/scripts/npc-profiles/imagegen-batch/identity/df_fatima.png
06	12	115	오마르	df_omar	/Users/user/Library/Application Support/feather/player-server/servers/07de2d81-991a-47e2-b62d-06c0d1b5150a/plugins/Skript/scripts/ops/prod/betterhud/assets/dialogue/npc_115_base.png	/Users/user/Library/Application Support/feather/player-server/servers/07de2d81-991a-47e2-b62d-06c0d1b5150a/plugins/Skript/scripts/npc-profiles/imagegen-batch/identity/df_omar.png
06	13	116	누르	df_nur	/Users/user/Library/Application Support/feather/player-server/servers/07de2d81-991a-47e2-b62d-06c0d1b5150a/plugins/Skript/scripts/ops/prod/betterhud/assets/dialogue/npc_116_base.png	/Users/user/Library/Application Support/feather/player-server/servers/07de2d81-991a-47e2-b62d-06c0d1b5150a/plugins/Skript/scripts/npc-profiles/imagegen-batch/identity/df_nur.png
06	14	117	지크하르트	sieghardt	/Users/user/Library/Application Support/feather/player-server/servers/07de2d81-991a-47e2-b62d-06c0d1b5150a/plugins/Skript/scripts/ops/prod/betterhud/assets/dialogue/npc_117_base.png	/Users/user/Library/Application Support/feather/player-server/servers/07de2d81-991a-47e2-b62d-06c0d1b5150a/plugins/Skript/scripts/npc-profiles/imagegen-batch/identity/sieghardt.png
06	15	118	브란트	brandt	/Users/user/Library/Application Support/feather/player-server/servers/07de2d81-991a-47e2-b62d-06c0d1b5150a/plugins/Skript/scripts/ops/prod/betterhud/assets/dialogue/npc_118_base.png	/Users/user/Library/Application Support/feather/player-server/servers/07de2d81-991a-47e2-b62d-06c0d1b5150a/plugins/Skript/scripts/npc-profiles/imagegen-batch/identity/brandt.png
06	16	119	로테	lotte	/Users/user/Library/Application Support/feather/player-server/servers/07de2d81-991a-47e2-b62d-06c0d1b5150a/plugins/Skript/scripts/ops/prod/betterhud/assets/dialogue/npc_119_base.png	/Users/user/Library/Application Support/feather/player-server/servers/07de2d81-991a-47e2-b62d-06c0d1b5150a/plugins/Skript/scripts/npc-profiles/imagegen-batch/identity/lotte.png
06	17	120	프리츠	fritz	/Users/user/Library/Application Support/feather/player-server/servers/07de2d81-991a-47e2-b62d-06c0d1b5150a/plugins/Skript/scripts/ops/prod/betterhud/assets/dialogue/npc_120_base.png	/Users/user/Library/Application Support/feather/player-server/servers/07de2d81-991a-47e2-b62d-06c0d1b5150a/plugins/Skript/scripts/npc-profiles/imagegen-batch/identity/fritz.png
06	18	121	알브레히트	albrecht	/Users/user/Library/Application Support/feather/player-server/servers/07de2d81-991a-47e2-b62d-06c0d1b5150a/plugins/Skript/scripts/ops/prod/betterhud/assets/dialogue/npc_121_base.png	/Users/user/Library/Application Support/feather/player-server/servers/07de2d81-991a-47e2-b62d-06c0d1b5150a/plugins/Skript/scripts/npc-profiles/imagegen-batch/identity/albrecht.png
06	19	122	힐데	hilde	/Users/user/Library/Application Support/feather/player-server/servers/07de2d81-991a-47e2-b62d-06c0d1b5150a/plugins/Skript/scripts/ops/prod/betterhud/assets/dialogue/npc_122_base.png	/Users/user/Library/Application Support/feather/player-server/servers/07de2d81-991a-47e2-b62d-06c0d1b5150a/plugins/Skript/scripts/npc-profiles/imagegen-batch/identity/hilde.png
06	20	132	군나르	gunnar	/Users/user/Library/Application Support/feather/player-server/servers/07de2d81-991a-47e2-b62d-06c0d1b5150a/plugins/Skript/scripts/ops/prod/betterhud/assets/dialogue/npc_132_base.png	/Users/user/Library/Application Support/feather/player-server/servers/07de2d81-991a-47e2-b62d-06c0d1b5150a/plugins/Skript/scripts/npc-profiles/imagegen-batch/identity/gunnar.png
07	01	133	페더	tf_feder	/Users/user/Library/Application Support/feather/player-server/servers/07de2d81-991a-47e2-b62d-06c0d1b5150a/plugins/Skript/scripts/ops/prod/betterhud/assets/dialogue/npc_133_base.png	/Users/user/Library/Application Support/feather/player-server/servers/07de2d81-991a-47e2-b62d-06c0d1b5150a/plugins/Skript/scripts/npc-profiles/imagegen-batch/identity/tf_feder.png
07	02	134	랄프	tf_ralf	/Users/user/Library/Application Support/feather/player-server/servers/07de2d81-991a-47e2-b62d-06c0d1b5150a/plugins/Skript/scripts/ops/prod/betterhud/assets/dialogue/npc_134_base.png	/Users/user/Library/Application Support/feather/player-server/servers/07de2d81-991a-47e2-b62d-06c0d1b5150a/plugins/Skript/scripts/npc-profiles/imagegen-batch/identity/tf_ralf.png
07	03	135	스벤	tf_sven	/Users/user/Library/Application Support/feather/player-server/servers/07de2d81-991a-47e2-b62d-06c0d1b5150a/plugins/Skript/scripts/ops/prod/betterhud/assets/dialogue/npc_135_base.png	/Users/user/Library/Application Support/feather/player-server/servers/07de2d81-991a-47e2-b62d-06c0d1b5150a/plugins/Skript/scripts/npc-profiles/imagegen-batch/identity/tf_sven.png
07	04	136	미아	tf_mia	/Users/user/Library/Application Support/feather/player-server/servers/07de2d81-991a-47e2-b62d-06c0d1b5150a/plugins/Skript/scripts/ops/prod/betterhud/assets/dialogue/npc_136_base.png	/Users/user/Library/Application Support/feather/player-server/servers/07de2d81-991a-47e2-b62d-06c0d1b5150a/plugins/Skript/scripts/npc-profiles/imagegen-batch/identity/tf_mia.png
07	05	137	레오	tf_leo	/Users/user/Library/Application Support/feather/player-server/servers/07de2d81-991a-47e2-b62d-06c0d1b5150a/plugins/Skript/scripts/ops/prod/betterhud/assets/dialogue/npc_137_base.png	/Users/user/Library/Application Support/feather/player-server/servers/07de2d81-991a-47e2-b62d-06c0d1b5150a/plugins/Skript/scripts/npc-profiles/imagegen-batch/identity/tf_leo.png
07	06	138	프리다	tf_frieda	/Users/user/Library/Application Support/feather/player-server/servers/07de2d81-991a-47e2-b62d-06c0d1b5150a/plugins/Skript/scripts/ops/prod/betterhud/assets/dialogue/npc_138_base.png	/Users/user/Library/Application Support/feather/player-server/servers/07de2d81-991a-47e2-b62d-06c0d1b5150a/plugins/Skript/scripts/npc-profiles/imagegen-batch/identity/tf_frieda.png
07	07	139	발터	tf_walter	/Users/user/Library/Application Support/feather/player-server/servers/07de2d81-991a-47e2-b62d-06c0d1b5150a/plugins/Skript/scripts/ops/prod/betterhud/assets/dialogue/npc_139_base.png	/Users/user/Library/Application Support/feather/player-server/servers/07de2d81-991a-47e2-b62d-06c0d1b5150a/plugins/Skript/scripts/npc-profiles/imagegen-batch/identity/tf_walter.png
07	08	140	루디	tf_rudi	/Users/user/Library/Application Support/feather/player-server/servers/07de2d81-991a-47e2-b62d-06c0d1b5150a/plugins/Skript/scripts/ops/prod/betterhud/assets/dialogue/npc_140_base.png	/Users/user/Library/Application Support/feather/player-server/servers/07de2d81-991a-47e2-b62d-06c0d1b5150a/plugins/Skript/scripts/npc-profiles/imagegen-batch/identity/tf_rudi.png
07	09	141	루드비히	tf_ludwig	/Users/user/Library/Application Support/feather/player-server/servers/07de2d81-991a-47e2-b62d-06c0d1b5150a/plugins/Skript/scripts/ops/prod/betterhud/assets/dialogue/npc_141_base.png	/Users/user/Library/Application Support/feather/player-server/servers/07de2d81-991a-47e2-b62d-06c0d1b5150a/plugins/Skript/scripts/npc-profiles/imagegen-batch/identity/tf_ludwig.png
07	10	142	라시드	df_rashid_inn	/Users/user/Library/Application Support/feather/player-server/servers/07de2d81-991a-47e2-b62d-06c0d1b5150a/plugins/Skript/scripts/ops/prod/betterhud/assets/dialogue/npc_142_base.png	/Users/user/Library/Application Support/feather/player-server/servers/07de2d81-991a-47e2-b62d-06c0d1b5150a/plugins/Skript/scripts/npc-profiles/imagegen-batch/identity/df_rashid_inn.png
07	11	143	지오반니	giovanni	/Users/user/Library/Application Support/feather/player-server/servers/07de2d81-991a-47e2-b62d-06c0d1b5150a/plugins/Skript/scripts/ops/prod/betterhud/assets/dialogue/npc_143_base.png	/Users/user/Library/Application Support/feather/player-server/servers/07de2d81-991a-47e2-b62d-06c0d1b5150a/plugins/Skript/scripts/npc-profiles/imagegen-batch/identity/giovanni.png
07	12	146	촌장	tf_chief	/Users/user/Library/Application Support/feather/player-server/servers/07de2d81-991a-47e2-b62d-06c0d1b5150a/plugins/Skript/scripts/ops/prod/betterhud/assets/dialogue/npc_146_base.png	/Users/user/Library/Application Support/feather/player-server/servers/07de2d81-991a-47e2-b62d-06c0d1b5150a/plugins/Skript/scripts/npc-profiles/imagegen-batch/identity/tf_chief.png
07	13	147	현자	cm_sage	/Users/user/Library/Application Support/feather/player-server/servers/07de2d81-991a-47e2-b62d-06c0d1b5150a/plugins/Skript/scripts/ops/prod/betterhud/assets/dialogue/npc_147_base.png	/Users/user/Library/Application Support/feather/player-server/servers/07de2d81-991a-47e2-b62d-06c0d1b5150a/plugins/Skript/scripts/npc-profiles/imagegen-batch/identity/cm_sage.png
07	14	148	항구장	cm_harbourmaster	/Users/user/Library/Application Support/feather/player-server/servers/07de2d81-991a-47e2-b62d-06c0d1b5150a/plugins/Skript/scripts/ops/prod/betterhud/assets/dialogue/npc_148_base.png	/Users/user/Library/Application Support/feather/player-server/servers/07de2d81-991a-47e2-b62d-06c0d1b5150a/plugins/Skript/scripts/npc-profiles/imagegen-batch/identity/cm_harbourmaster.png
07	15	149	전령	cm_herald	/Users/user/Library/Application Support/feather/player-server/servers/07de2d81-991a-47e2-b62d-06c0d1b5150a/plugins/Skript/scripts/ops/prod/betterhud/assets/dialogue/npc_149_base.png	/Users/user/Library/Application Support/feather/player-server/servers/07de2d81-991a-47e2-b62d-06c0d1b5150a/plugins/Skript/scripts/npc-profiles/imagegen-batch/identity/cm_herald.png
07	16	151	로자	cm_rosa_garden	/Users/user/Library/Application Support/feather/player-server/servers/07de2d81-991a-47e2-b62d-06c0d1b5150a/plugins/Skript/scripts/ops/prod/betterhud/assets/dialogue/npc_151_base.png	/Users/user/Library/Application Support/feather/player-server/servers/07de2d81-991a-47e2-b62d-06c0d1b5150a/plugins/Skript/scripts/npc-profiles/imagegen-batch/identity/cm_rosa_garden.png
07	17	153	식당주인	cm_tavernkeep	/Users/user/Library/Application Support/feather/player-server/servers/07de2d81-991a-47e2-b62d-06c0d1b5150a/plugins/Skript/scripts/ops/prod/betterhud/assets/dialogue/npc_153_base.png	/Users/user/Library/Application Support/feather/player-server/servers/07de2d81-991a-47e2-b62d-06c0d1b5150a/plugins/Skript/scripts/npc-profiles/imagegen-batch/identity/cm_tavernkeep.png
07	18	154	도박꾼자히르	gm_whale	/Users/user/Library/Application Support/feather/player-server/servers/07de2d81-991a-47e2-b62d-06c0d1b5150a/plugins/Skript/scripts/ops/prod/betterhud/assets/dialogue/npc_154_base.png	/Users/user/Library/Application Support/feather/player-server/servers/07de2d81-991a-47e2-b62d-06c0d1b5150a/plugins/Skript/scripts/npc-profiles/imagegen-batch/identity/gm_whale.png
07	19	155	도박꾼엘리아스	gm_sharp	/Users/user/Library/Application Support/feather/player-server/servers/07de2d81-991a-47e2-b62d-06c0d1b5150a/plugins/Skript/scripts/ops/prod/betterhud/assets/dialogue/npc_155_base.png	/Users/user/Library/Application Support/feather/player-server/servers/07de2d81-991a-47e2-b62d-06c0d1b5150a/plugins/Skript/scripts/npc-profiles/imagegen-batch/identity/gm_sharp.png
07	20	156	도박꾼달리아	gm_addict	/Users/user/Library/Application Support/feather/player-server/servers/07de2d81-991a-47e2-b62d-06c0d1b5150a/plugins/Skript/scripts/ops/prod/betterhud/assets/dialogue/npc_156_base.png	/Users/user/Library/Application Support/feather/player-server/servers/07de2d81-991a-47e2-b62d-06c0d1b5150a/plugins/Skript/scripts/npc-profiles/imagegen-batch/identity/gm_addict.png
08	01	157	도박꾼테오	gm_ruined	/Users/user/Library/Application Support/feather/player-server/servers/07de2d81-991a-47e2-b62d-06c0d1b5150a/plugins/Skript/scripts/ops/prod/betterhud/assets/dialogue/npc_157_base.png	/Users/user/Library/Application Support/feather/player-server/servers/07de2d81-991a-47e2-b62d-06c0d1b5150a/plugins/Skript/scripts/npc-profiles/imagegen-batch/identity/gm_ruined.png
08	02	158	알비스	albis	/Users/user/Library/Application Support/feather/player-server/servers/07de2d81-991a-47e2-b62d-06c0d1b5150a/plugins/Skript/scripts/ops/prod/betterhud/assets/dialogue/npc_158_base.png	/Users/user/Library/Application Support/feather/player-server/servers/07de2d81-991a-47e2-b62d-06c0d1b5150a/plugins/Skript/scripts/npc-profiles/imagegen-batch/identity/albis.png
08	03	160	선원	cm_sailor	/Users/user/Library/Application Support/feather/player-server/servers/07de2d81-991a-47e2-b62d-06c0d1b5150a/plugins/Skript/scripts/ops/prod/betterhud/assets/dialogue/npc_160_base.png	/Users/user/Library/Application Support/feather/player-server/servers/07de2d81-991a-47e2-b62d-06c0d1b5150a/plugins/Skript/scripts/npc-profiles/imagegen-batch/identity/cm_sailor.png
08	04	161	바텐더	bartender	/Users/user/Library/Application Support/feather/player-server/servers/07de2d81-991a-47e2-b62d-06c0d1b5150a/plugins/Skript/scripts/ops/prod/betterhud/assets/dialogue/npc_161_base.png	/Users/user/Library/Application Support/feather/player-server/servers/07de2d81-991a-47e2-b62d-06c0d1b5150a/plugins/Skript/scripts/npc-profiles/imagegen-batch/identity/bartender.png
08	05	162	길드접수원	hagen	/Users/user/Library/Application Support/feather/player-server/servers/07de2d81-991a-47e2-b62d-06c0d1b5150a/plugins/Skript/scripts/ops/prod/betterhud/assets/dialogue/npc_162_base.png	/Users/user/Library/Application Support/feather/player-server/servers/07de2d81-991a-47e2-b62d-06c0d1b5150a/plugins/Skript/scripts/npc-profiles/imagegen-batch/identity/hagen.png
08	06	163	에르빈	r_erwin	/Users/user/Library/Application Support/feather/player-server/servers/07de2d81-991a-47e2-b62d-06c0d1b5150a/plugins/Skript/scripts/ops/prod/betterhud/assets/dialogue/npc_163_base.png	/Users/user/Library/Application Support/feather/player-server/servers/07de2d81-991a-47e2-b62d-06c0d1b5150a/plugins/Skript/scripts/npc-profiles/imagegen-batch/identity/r_erwin.png
08	07	164	구스타프	r_gustav	/Users/user/Library/Application Support/feather/player-server/servers/07de2d81-991a-47e2-b62d-06c0d1b5150a/plugins/Skript/scripts/ops/prod/betterhud/assets/dialogue/npc_164_base.png	/Users/user/Library/Application Support/feather/player-server/servers/07de2d81-991a-47e2-b62d-06c0d1b5150a/plugins/Skript/scripts/npc-profiles/imagegen-batch/identity/r_gustav.png
08	08	165	타리크	r_tariq	/Users/user/Library/Application Support/feather/player-server/servers/07de2d81-991a-47e2-b62d-06c0d1b5150a/plugins/Skript/scripts/ops/prod/betterhud/assets/dialogue/npc_165_base.png	/Users/user/Library/Application Support/feather/player-server/servers/07de2d81-991a-47e2-b62d-06c0d1b5150a/plugins/Skript/scripts/npc-profiles/imagegen-batch/identity/r_tariq.png
08	09	166	마르첼로	r_marcello	/Users/user/Library/Application Support/feather/player-server/servers/07de2d81-991a-47e2-b62d-06c0d1b5150a/plugins/Skript/scripts/ops/prod/betterhud/assets/dialogue/npc_166_base.png	/Users/user/Library/Application Support/feather/player-server/servers/07de2d81-991a-47e2-b62d-06c0d1b5150a/plugins/Skript/scripts/npc-profiles/imagegen-batch/identity/r_marcello.png
08	10	167	인트로선장	ci_captain	/Users/user/Library/Application Support/feather/player-server/servers/07de2d81-991a-47e2-b62d-06c0d1b5150a/plugins/Skript/scripts/ops/prod/betterhud/assets/dialogue/npc_167_base.png	/Users/user/Library/Application Support/feather/player-server/servers/07de2d81-991a-47e2-b62d-06c0d1b5150a/plugins/Skript/scripts/npc-profiles/imagegen-batch/identity/ci_captain.png
08	11	168	인트로갑판원	ci_deckhand	/Users/user/Library/Application Support/feather/player-server/servers/07de2d81-991a-47e2-b62d-06c0d1b5150a/plugins/Skript/scripts/ops/prod/betterhud/assets/dialogue/npc_168_base.png	/Users/user/Library/Application Support/feather/player-server/servers/07de2d81-991a-47e2-b62d-06c0d1b5150a/plugins/Skript/scripts/npc-profiles/imagegen-batch/identity/ci_deckhand.png
08	12	169	인트로취사	ci_cook	/Users/user/Library/Application Support/feather/player-server/servers/07de2d81-991a-47e2-b62d-06c0d1b5150a/plugins/Skript/scripts/ops/prod/betterhud/assets/dialogue/npc_169_base.png	/Users/user/Library/Application Support/feather/player-server/servers/07de2d81-991a-47e2-b62d-06c0d1b5150a/plugins/Skript/scripts/npc-profiles/imagegen-batch/identity/ci_cook.png
08	13	170	인트로돛담당	ci_rigger	/Users/user/Library/Application Support/feather/player-server/servers/07de2d81-991a-47e2-b62d-06c0d1b5150a/plugins/Skript/scripts/ops/prod/betterhud/assets/dialogue/npc_170_base.png	/Users/user/Library/Application Support/feather/player-server/servers/07de2d81-991a-47e2-b62d-06c0d1b5150a/plugins/Skript/scripts/npc-profiles/imagegen-batch/identity/ci_rigger.png
08	14	171	영주	valdemar	/Users/user/Library/Application Support/feather/player-server/servers/07de2d81-991a-47e2-b62d-06c0d1b5150a/plugins/Skript/scripts/ops/prod/betterhud/assets/dialogue/npc_171_base.png	/Users/user/Library/Application Support/feather/player-server/servers/07de2d81-991a-47e2-b62d-06c0d1b5150a/plugins/Skript/scripts/npc-profiles/imagegen-batch/identity/valdemar.png
08	15	172	근위병	rainer	/Users/user/Library/Application Support/feather/player-server/servers/07de2d81-991a-47e2-b62d-06c0d1b5150a/plugins/Skript/scripts/ops/prod/betterhud/assets/dialogue/npc_172_base.png	/Users/user/Library/Application Support/feather/player-server/servers/07de2d81-991a-47e2-b62d-06c0d1b5150a/plugins/Skript/scripts/npc-profiles/imagegen-batch/identity/rainer.png
08	16	173	사관	gerhardt	/Users/user/Library/Application Support/feather/player-server/servers/07de2d81-991a-47e2-b62d-06c0d1b5150a/plugins/Skript/scripts/ops/prod/betterhud/assets/dialogue/npc_173_base.png	/Users/user/Library/Application Support/feather/player-server/servers/07de2d81-991a-47e2-b62d-06c0d1b5150a/plugins/Skript/scripts/npc-profiles/imagegen-batch/identity/gerhardt.png
08	17	174	테클라	tecla	/Users/user/Library/Application Support/feather/player-server/servers/07de2d81-991a-47e2-b62d-06c0d1b5150a/plugins/Skript/scripts/ops/prod/betterhud/assets/dialogue/npc_174_base.png	/Users/user/Library/Application Support/feather/player-server/servers/07de2d81-991a-47e2-b62d-06c0d1b5150a/plugins/Skript/scripts/npc-profiles/imagegen-batch/identity/tecla.png
08	18	175	하르트무트	hartmut	/Users/user/Library/Application Support/feather/player-server/servers/07de2d81-991a-47e2-b62d-06c0d1b5150a/plugins/Skript/scripts/ops/prod/betterhud/assets/dialogue/npc_175_base.png	/Users/user/Library/Application Support/feather/player-server/servers/07de2d81-991a-47e2-b62d-06c0d1b5150a/plugins/Skript/scripts/npc-profiles/imagegen-batch/identity/hartmut.png
